date,rain(mm),bare_mean,green_mean,non_green_mean,bare5percentile,bare20percentile,bare50percentile,bare80percentile,bare95percentile,green5percentile,green20percentile,green50percentile,green80percentile,green95percentile,nongreen5percentile,nongreen20percentile,nongreen50percentile,nongreen80percentile,nongreen95percentile
1987-04,,,,,,,,,,,,,,,,,,,
1987-07,,,,,,,,,,,,,,,,,,,
1987-10,52,,,,,,,,,,,,,,,,,,
1987-11,36,,,,,,,,,,,,,,,,,,
1987-12,145,,,,,,,,,,,,,,,,,,
1988-01,41,4.675496688741722,76.07986870897156,18.06359649122807,1,2,5,7,9,65,70,77,81,83,10,13,17,24,29
1988-02,102,,,,,,,,,,,,,,,,,,
1988-03,71,,,,,,,,,,,,,,,,,,
1988-04,177,,,,,,,,,,,,,,,,,,
1988-05,213,,,,,,,,,,,,,,,,,,
1988-06,13,,,,,,,,,,,,,,,,,,
1988-07,205,1.3471264367816091,78.50940438871473,20.57945425361156,0,0,1,2,4,69,73,78,84,90,11,16,21,26,29
1988-08,114,,,,,,,,,,,,,,,,,,
1988-09,76,,,,,,,,,,,,,,,,,,
1988-10,141,,,,,,,,,,,,,,,,,,
1988-11,81,,,,,,,,,,,,,,,,,,
1988-12,95,,,,,,,,,,,,,,,,,,
1989-01,526,7.825136612021858,75.02183406113537,15.764192139737991,3,5,8,10,13,66,70,75,80,84,2,10,17,21,26
1989-02,95,,,,,,,,,,,,,,,,,,
1989-03,85,,,,,,,,,,,,,,,,,,
1989-04,129,,,,,,,,,,,,,,,,,,
1989-05,49,,,,,,,,,,,,,,,,,,
1989-06,133,,,,,,,,,,,,,,,,,,
1989-07,2,2.629032258064516,69.56369426751593,27.379585326953748,0,1,2,4,6,58,64,70,73,88,12,22,28,34,38
1989-08,147,,,,,,,,,,,,,,,,,,
1989-09,123,,,,,,,,,,,,,,,,,,
1989-10,184,3.6719636776390465,70.37554585152839,24.737991266375545,0,2,4,6,7,63,67,71,74,76,19,21,24,29,33
1989-11,77,,,,,,,,,,,,,,,,,,
1989-12,151,,,,,,,,,,,,,,,,,,
1990-01,402,,,,,,,,,,,,,,,,,,
1990-02,163,,,,,,,,,,,,,,,,,,
1990-03,197,,,,,,,,,,,,,,,,,,
1990-04,26,2.2666666666666666,72.65825688073394,24.408256880733944,0,1,2,4,6,64,68,71,78,91,3,19,26,30,35
1990-05,39,,,,,,,,,,,,,,,,,,
1990-06,3,,,,,,,,,,,,,,,,,,
1990-07,20,,,,,,,,,,,,,,,,,,
1990-08,75,,,,,,,,,,,,,,,,,,
1990-09,98,,,,,,,,,,,,,,,,,,
1990-10,86,,,,,,,,,,,,,,,,,,
1990-11,560,,,,,,,,,,,,,,,,,,
1990-12,134,,,,,,,,,,,,,,,,,,
1991-01,346,,,,,,,,,,,,,,,,,,
1991-02,183,,,,,,,,,,,,,,,,,,
1991-03,40,,,,,,,,,,,,,,,,,,
1991-04,80,2.0081967213114753,72.79431072210066,24.79366812227074,0,0,2,3,5,62,68,73,78,83,13,18,25,31,35
1991-05,188,,,,,,,,,,,,,,,,,,
1991-06,90,,,,,,,,,,,,,,,,,,
1991-07,44,3.3756906077348066,64.2703125,31.911214953271028,0,1,3,6,9,51,61,65,69,73,25,28,32,35,41
1991-08,17,,,,,,,,,,,,,,,,,,
1991-09,44,,,,,,,,,,,,,,,,,,
1991-10,64,4.215709261430246,64.4535519125683,30.64770240700219,0,2,4,7,9,57,61,65,68,71,24,27,30,35,39
1991-11,48,,,,,,,,,,,,,,,,,,
1991-12,24,,,,,,,,,,,,,,,,,,
1992-01,47,,,,,,,,,,,,,,,,,,
1992-02,128,,,,,,,,,,,,,,,,,,
1992-03,413,,,,,,,,,,,,,,,,,,
1992-04,137,,,,,,,,,,,,,,,,,,
1992-05,8,,,,,,,,,,,,,,,,,,
1992-06,20,,,,,,,,,,,,,,,,,,
1992-07,14,3.771062271062271,66.99063962558502,28.94348508634223,0,1,3,6,9,56,62,68,73,76,21,24,28,33,44
1992-08,47,,,,,,,,,,,,,,,,,,
1992-09,248,,,,,,,,,,,,,,,,,,
1992-10,89,,,,,,,,,,,,,,,,,,
1992-11,379,,,,,,,,,,,,,,,,,,
1992-12,87,,,,,,,,,,,,,,,,,,
1993-01,103,3.7599067599067597,74.08652792990142,21.38225629791895,0,1,3,6,8,70,72,74,76,79,17,19,21,24,26
1993-02,64,,,,,,,,,,,,,,,,,,
1993-03,94,,,,,,,,,,,,,,,,,,
1993-04,20,4.602977667493796,71.16157205240175,23.990163934426228,0,1,4,8,11,60,66,71,76,81,16,19,23,29,36
1993-05,35,,,,,,,,,,,,,,,,,,
1993-06,24,,,,,,,,,,,,,,,,,,
1993-07,79,3.432809773123909,69.47058823529412,26.68109668109668,0,1,2,4,12,58,65,70,74,77,12,22,27,31,39
1993-08,153,,,,,,,,,,,,,,,,,,
1993-09,154,,,,,,,,,,,,,,,,,,
1993-10,97,3.0457831325301203,68.04709748083242,28.19277108433735,0,1,3,5,9,61,65,68,71,74,21,25,28,31,35
1993-11,98,,,,,,,,,,,,,,,,,,
1993-12,121,,,,,,,,,,,,,,,,,,
1994-01,49,,,,,,,,,,,,,,,,,,
1994-02,25,,,,,,,,,,,,,,,,,,
1994-03,46,,,,,,,,,,,,,,,,,,
1994-04,94,3.076463560334528,77.33481152993348,18.52270210409745,0,1,3,5,7,69,72,77,83,88,5,13,20,24,27
1994-05,56,,,,,,,,,,,,,,,,,,
1994-06,130,,,,,,,,,,,,,,,,,,
1994-07,68,4.431330472103005,68.86577181208054,27,0,1,2,7,14,60,64,69,73,79,8,22,29,33,38
1994-08,70,,,,,,,,,,,,,,,,,,
1994-09,41,,,,,,,,,,,,,,,,,,
1994-10,38,4.990836197021764,67.92450765864332,25.950711938663744,1,2,4,8,13,59,65,68,71,75,18,21,25,31,38
1994-11,79,,,,,,,,,,,,,,,,,,
1994-12,205,,,,,,,,,,,,,,,,,,
1995-01,136,9.049715909090908,74.22017045454545,15.5049786628734,4,6,8,12,16,67,71,75,78,81,11,13,15,18,21
1995-02,34,,,,,,,,,,,,,,,,,,
1995-03,77,,,,,,,,,,,,,,,,,,
1995-04,50,3,74.90033783783784,21.6,0,1,2,5,8,60,67,74,82,91,5,12,22,29,38
1995-05,17,,,,,,,,,,,,,,,,,,
1995-06,15,,,,,,,,,,,,,,,,,,
1995-07,49,1.7158671586715868,72.36363636363636,26.278617710583152,0,0,1,2,7,62,65,71,79,91,8,19,27,34,37
1995-08,76,,,,,,,,,,,,,,,,,,
1995-09,48,,,,,,,,,,,,,,,,,,
1995-10,157,,,,,,,,,,,,,,,,,,
1995-11,73,,,,,,,,,,,,,,,,,,
1995-12,191,,,,,,,,,,,,,,,,,,
1996-01,22,6.410633484162896,75.29934210526316,17.021905805038337,1,3,6,9,12,66,72,76,79,82,9,12,17,22,26
1996-02,237,,,,,,,,,,,,,,,,,,
1996-03,102,,,,,,,,,,,,,,,,,,
1996-04,8,,,,,,,,,,,,,,,,,,
1996-05,1,,,,,,,,,,,,,,,,,,
1996-06,248,,,,,,,,,,,,,,,,,,
1996-07,48,1.896969696969697,76.17073170731707,21.706477732793523,0,0,2,3,6,67,70,74,84,90,6,14,23,29,32
1996-08,121,,,,,,,,,,,,,,,,,,
1996-09,89,,,,,,,,,,,,,,,,,,
1996-10,184,,,,,,,,,,,,,,,,,,
1996-11,68,,,,,,,,,,,,,,,,,,
1996-12,53,,,,,,,,,,,,,,,,,,
1997-01,59,,,,,,,,,,,,,,,,,,
1997-02,196,,,,,,,,,,,,,,,,,,
1997-03,127,,,,,,,,,,,,,,,,,,
1997-04,85,8.785202863961814,68.14237668161435,22.50224215246637,0,2,7,15,22,54,64,70,73,78,16,19,23,26,29
1997-05,112,,,,,,,,,,,,,,,,,,
1997-06,87,,,,,,,,,,,,,,,,,,
1997-07,39,2.135593220338983,77.52590266875981,20.194053208137714,0,0,2,4,6,64,72,76,83,95,5,14,22,25,35
1997-08,72,,,,,,,,,,,,,,,,,,
1997-09,61,,,,,,,,,,,,,,,,,,
1997-10,173,5.276243093922652,68.39344262295081,25.158991228070175,1,3,5,7,9,61,65,69,72,74,19,21,25,29,32
1997-11,142,,,,,,,,,,,,,,,,,,
1997-12,75,,,,,,,,,,,,,,,,,,
1998-01,8,5.959276018099548,74.26067907995619,18.60983606557377,1,3,5,9,14,66,71,75,78,82,10,16,19,21,26
1998-02,174,,,,,,,,,,,,,,,,,,
1998-03,86,,,,,,,,,,,,,,,,,,
1998-04,122,2.29957805907173,75.5515350877193,22.098360655737704,0,1,2,4,6,67,71,74,81,85,13,18,23,26,30
1998-05,29,,,,,,,,,,,,,,,,,,
1998-06,109,,,,,,,,,,,,,,,,,,
1998-07,54,3.3564356435643563,72.66862170087977,24.108663729809106,0,1,2,6,9,56,68,73,79,88,10,15,24,31,39
1998-08,42,,,,,,,,,,,,,,,,,,
1998-09,31,,,,,,,,,,,,,,,,,,
1998-10,99,,,,,,,,,,,,,,,,,,
1998-11,56,,,,,,,,,,,,,,,,,,
1998-12,39,,,,,,,,,,,,,,,,,,
1999-01,200,,,,,,,,,,,,,,,,,,
1999-02,212,,,,,,,,,,,,,,,,,,
1999-03,108,,,,,,,,,,,,,,,,,,
1999-04,116,,,,,,,,,,,,,,,,,,
1999-05,408,,,,,,,,,,,,,,,,,,
1999-06,62,,,,,,,,,,,,,,,,,,
1999-07,37,2.1867469879518073,77.49775784753363,20.02581369248036,0,1,2,4,6,68,72,77,83,88,11,15,21,26,29
1999-08,90,,,,,,,,,,,,,,,,,,
1999-09,43,,,,,,,,,,,,,,,,,,
1999-10,182,,,,,,,,,,,,,,,,,,
1999-11,204,,,,,,,,,,,,,,,,,,
1999-12,63,,,,,,,,,,,,,,,,,,
2000-01,187,,,,,,,,,,,,,,,,,,
2000-02,63,,,,,,,,,,,,,,,,,,
2000-03,85,,,,,,,,,,,,,,,,,,
2000-04,220,,,,,,,,,,,,,,,,,,
2000-05,55,,,,,,,,,,,,,,,,,,
2000-06,27,,,,,,,,,,,,,,,,,,
2000-07,190,1.8298555377207062,77.44200244200245,19.856265356265357,0,0,2,3,5,64,70,77,86,91,4,11,20,29,34
2000-08,48,,,,,,,,,,,,,,,,,,
2000-09,81,,,,,,,,,,,,,,,,,,
2000-10,52,,,,,,,,,,,,,,,,,,
2000-11,29,,,,,,,,,,,,,,,,,,
2000-12,255,,,,,,,,,,,,,,,,,,
2001-01,50,,,,,,,,,,,,,,,,,,
2001-02,45,,,,,,,,,,,,,,,,,,
2001-03,44,,,,,,,,,,,,,,,,,,
2001-04,42,,,,,,,,,,,,,,,,,,
2001-05,26,,,,,,,,,,,,,,,,,,
2001-06,43,,,,,,,,,,,,,,,,,,
2001-07,72,1.5658362989323844,74.51400730816079,23.838199513381994,0,0,1,2,5,65,69,75,80,85,13,19,24,29,34
2001-08,148,,,,,,,,,,,,,,,,,,
2001-09,51,,,,,,,,,,,,,,,,,,
2001-10,158,2.240473061760841,68.17923497267759,28.914660831509845,0,1,2,4,5,60,64,69,72,74,23,25,29,33,36
2001-11,134,,,,,,,,,,,,,,,,,,
2001-12,122,,,,,,,,,,,,,,,,,,
2002-01,103,,,,,,,,,,,,,,,,,,
2002-02,258,,,,,,,,,,,,,,,,,,
2002-03,44,,,,,,,,,,,,,,,,,,
2002-04,177,2.5788005578800557,84.46902654867256,12.479467258601554,0,1,2,4,7,76,79,85,89,92,2,6,13,19,22
2002-05,62,,,,,,,,,,,,,,,,,,
2002-06,30,,,,,,,,,,,,,,,,,,
2002-07,45,1.7758913412563668,78.00372208436724,20.113861386138613,0,0,2,3,5,71,74,78,82,87,12,16,20,24,27
2002-08,79,,,,,,,,,,,,,,,,,,
2002-09,29,,,,,,,,,,,,,,,,,,
2002-10,87,2.440203562340967,69.75382932166302,27.212253829321664,0,1,2,4,7,63,66,70,73,75,22,24,27,30,33
2002-11,415,,,,,,,,,,,,,,,,,,
2002-12,119,,,,,,,,,,,,,,,,,,
2003-01,44,,,,,,,,,,,,,,,,,,
2003-02,95,,,,,,,,,,,,,,,,,,
2003-03,24,,,,,,,,,,,,,,,,,,
2003-04,33,1.9788639365918097,76.62227074235808,20.88621444201313,0,0,2,3,5,69,73,77,80,84,14,17,21,25,28
2003-05,22,,,,,,,,,,,,,,,,,,
2003-06,21,,,,,,,,,,,,,,,,,,
2003-07,15,1.7728119180633146,74.42278860569715,23.31981981981982,0,0,2,3,4,64,70,74,80,84,14,18,23,28,35
2003-08,18,,,,,,,,,,,,,,,,,,
2003-09,91,,,,,,,,,,,,,,,,,,
2003-10,27,2.353864734299517,68.2896174863388,28.584699453551913,0,1,2,4,5,62,65,68,72,74,23,25,29,32,34
2003-11,82,,,,,,,,,,,,,,,,,,
2003-12,107,,,,,,,,,,,,,,,,,,
2004-01,236,4.058426966292135,75.29836065573771,19.257393209200437,0,2,4,6,8,69,72,76,78,81,13,16,19,23,26
2004-02,459,,,,,,,,,,,,,,,,,,
2004-03,53,,,,,,,,,,,,,,,,,,
2004-04,64,2.441326530612245,82.35448577680525,14.521264994547437,0,1,2,4,6,77,80,83,85,88,9,11,14,18,21
2004-05,44,,,,,,,,,,,,,,,,,,
2004-06,8,,,,,,,,,,,,,,,,,,
2004-07,77,1.4692028985507246,81.13588390501319,16.507265521796565,0,0,1,2,4,72,76,81,86,91,5,11,16,23,27
2004-08,98,,,,,,,,,,,,,,,,,,
2004-09,52,,,,,,,,,,,,,,,,,,
2004-10,58,2.4038929440389296,72.07986870897156,24.437636761487965,0,1,2,4,5,67,69,72,75,79,19,21,25,28,29
2004-11,129,,,,,,,,,,,,,,,,,,
2004-12,69,,,,,,,,,,,,,,,,,,
2005-01,104,3.1734317343173433,74.91694352159469,20.941176470588236,0,1,3,5,7,66,72,75,78,82,15,17,21,25,27
2005-02,15,,,,,,,,,,,,,,,,,,
2005-03,29,,,,,,,,,,,,,,,,,,
2005-04,52,2.107001321003963,79.12663755458516,18.230853391684903,0,1,2,3,5,71,75,80,83,87,9,14,18,23,27
2005-05,84,,,,,,,,,,,,,,,,,,
2005-06,71,,,,,,,,,,,,,,,,,,
2005-07,211,2.9414225941422596,72.81796116504854,23.724691358024693,0,1,2,5,7,65,68,72,77,83,12,21,24,28,31
2005-08,66,,,,,,,,,,,,,,,,,,
2005-09,94,,,,,,,,,,,,,,,,,,
2005-10,68,5.3931623931623935,64.55940023068051,29.040462427745666,0,2,4,9,13,55,62,65,68,70,21,25,29,33,37
2005-11,122,,,,,,,,,,,,,,,,,,
2005-12,118,,,,,,,,,,,,,,,,,,
2006-01,44,2.353191489361702,75.54990925589837,21.282608695652176,0,1,2,4,6,70,73,75,78,81,16,18,21,24,27
2006-02,74,,,,,,,,,,,,,,,,,,
2006-03,72,,,,,,,,,,,,,,,,,,
2006-04,104,2.3873517786561265,81.08187772925764,16.1171875,0,1,2,4,6,60,75,83,88,92,5,9,15,22,35
2006-05,3,,,,,,,,,,,,,,,,,,
2006-06,58,,,,,,,,,,,,,,,,,,
2006-07,82,3.753623188405797,75.60542540073983,20.03575832305795,0,1,2,6,15,65,70,75,82,88,7,16,21,25,28
2006-08,126,,,,,,,,,,,,,,,,,,
2006-09,29,,,,,,,,,,,,,,,,,,
2006-10,110,2.655,71.47431693989071,24.93209200438116,0,1,2,4,7,66,69,72,74,76,20,23,25,27,30
2006-11,51,,,,,,,,,,,,,,,,,,
2006-12,44,,,,,,,,,,,,,,,,,,
2007-01,12,3.7136563876651985,76.7527352297593,18.303825136612023,0,2,4,5,7,73,75,77,79,81,13,16,18,20,23
2007-02,42,,,,,,,,,,,,,,,,,,
2007-03,182,,,,,,,,,,,,,,,,,,
2007-04,148,2.8774193548387097,80.2292576419214,16.112814895947427,0,1,2,5,7,75,77,80,83,86,10,13,16,19,21
2007-05,65,,,,,,,,,,,,,,,,,,
2007-06,160,,,,,,,,,,,,,,,,,,
2007-07,16,1.3290676416819014,83.7527950310559,15.323056300268096,0,0,1,2,4,73,76,83,91,99,1,9,16,22,26
2007-08,37,,,,,,,,,,,,,,,,,,
2007-09,74,,,,,,,,,,,,,,,,,,
2007-10,59,2.4367088607594938,71.44808743169399,25.155021834061134,0,1,2,4,6,67,69,71,74,76,20,22,25,28,30
2007-11,165,,,,,,,,,,,,,,,,,,
2007-12,78,,,,,,,,,,,,,,,,,,
2008-01,182,,,,,,,,,,,,,,,,,,
2008-02,21,,,,,,,,,,,,,,,,,,
2008-03,339,,,,,,,,,,,,,,,,,,
2008-04,50,1.4425981873111782,80.87746170678336,17.02747252747253,0,0,1,2,3,74,77,81,85,89,9,14,17,21,24
2008-05,85,,,,,,,,,,,,,,,,,,
2008-06,58,,,,,,,,,,,,,,,,,,
2008-07,28,3.905325443786982,71.93396226415095,24.023529411764706,0,1,3,7,10,63,68,73,76,78,16,21,24,27,32
2008-08,131,,,,,,,,,,,,,,,,,,
2008-09,97,,,,,,,,,,,,,,,,,,
2008-10,87,3.8820224719101124,69.18102508178843,25.595837897042717,0,2,4,6,8,59,64,70,74,76,18,21,25,30,34
2008-11,357,,,,,,,,,,,,,,,,,,
2008-12,76,,,,,,,,,,,,,,,,,,
2009-01,138,3.67843631778058,72.96923076923076,22.266509433962263,0,1,3,5,11,64,70,74,76,78,18,20,22,24,27
2009-02,14,,,,,,,,,,,,,,,,,,
2009-03,139,,,,,,,,,,,,,,,,,,
2009-04,82,2.3106918238993712,81.27899343544858,15.585980284775465,0,1,2,4,5,70,77,81,86,91,4,11,16,20,27
2009-05,48,,,,,,,,,,,,,,,,,,
2009-06,76,,,,,,,,,,,,,,,,,,
2009-07,75,1.6998444790046656,78.97410604192355,18.718362282878413,0,0,2,3,4,69,72,78,86,93,4,12,20,26,29
2009-08,64,,,,,,,,,,,,,,,,,,
2009-09,87,,,,,,,,,,,,,,,,,,
2009-10,28,3.348173515981735,68.51750547045953,27.00545851528384,0,1,3,5,7,58,65,69,73,75,22,24,26,29,38
2009-11,152,,,,,,,,,,,,,,,,,,
2009-12,60,,,,,,,,,,,,,,,,,,
2010-01,186,3.810112359550562,74.32824427480917,20.49618320610687,0,2,4,6,8,69,71,74,77,81,14,18,21,23,26
2010-02,163,,,,,,,,,,,,,,,,,,
2010-03,103,,,,,,,,,,,,,,,,,,
2010-04,53,3.1447212336892054,81.40371991247265,14.223194748358862,0,1,3,5,8,73,77,82,85,89,7,9,14,19,22
2010-05,6,,,,,,,,,,,,,,,,,,
2010-06,20,,,,,,,,,,,,,,,,,,
2010-07,136,4.059471365638767,78.33269961977186,16.988614800759013,0,1,3,7,11,69,74,78,83,88,9,11,17,21,26
2010-08,38,,,,,,,,,,,,,,,,,,
2010-09,57,,,,,,,,,,,,,,,,,,
2010-10,48,2.693820224719101,74.69325153374233,21.679754601226993,0,1,2,4,8,66,70,75,79,81,15,19,21,25,29
2010-11,182,,,,,,,,,,,,,,,,,,
2010-12,103,,,,,,,,,,,,,,,,,,
2011-01,33,2.235294117647059,80.33681462140993,16.333766233766234,0,1,2,4,5,72,77,81,84,87,10,13,16,19,24
2011-02,197,,,,,,,,,,,,,,,,,,
2011-03,126,,,,,,,,,,,,,,,,,,
2011-04,92,1.774330042313117,81.79605263157895,15.864332603938731,0,0,2,3,4,74,78,82,86,89,8,12,16,20,22
2011-05,34,,,,,,,,,,,,,,,,,,
2011-06,60,,,,,,,,,,,,,,,,,,
2011-07,97,2.4298401420959146,78.4967824967825,18.37757731958763,0,0,2,4,9,70,73,79,83,88,10,15,18,22,28
2011-08,169,,,,,,,,,,,,,,,,,,
2011-09,111,,,,,,,,,,,,,,,,,,
2011-10,54,3.26144578313253,71.06126914660831,24.611597374179432,0,1,3,5,8,62,67,72,75,78,18,21,25,28,32
2011-11,29,,,,,,,,,,,,,,,,,,
2011-12,227,,,,,,,,,,,,,,,,,,
2012-01,178,3.0432432432432432,78.31228668941979,17.802385008517888,0,1,3,5,6,73,75,78,81,83,12,15,18,21,23
2012-02,113,,,,,,,,,,,,,,,,,,
2012-03,86,,,,,,,,,,,,,,,,,,
2012-04,225,2.1548556430446193,81.02963776070253,15.859802847754654,0,1,2,4,5,75,78,81,84,87,10,13,16,19,22
2012-05,57,,,,,,,,,,,,,,,,,,
2012-06,63,,,,,,,,,,,,,,,,,,
2012-07,65,,,,,,,,,,,,,,,,,,
2012-08,153,,,,,,,,,,,,,,,,,,
2012-09,85,,,,,,,,,,,,,,,,,,
2012-10,121,2.142857142857143,70.57829181494662,26.718360071301248,0,1,2,4,6,62,68,71,74,76,22,24,27,29,32
2012-11,224,,,,,,,,,,,,,,,,,,
2012-12,277,,,,,,,,,,,,,,,,,,
2013-01,138,,,,,,,,,,,,,,,,,,
2013-02,26,,,,,,,,,,,,,,,,,,
2013-03,195,,,,,,,,,,,,,,,,,,
2013-04,59,2.563858695652174,84.08513189448442,12.450721153846153,0,1,2,4,6,74,79,84,89,93,3,7,13,18,23
2013-05,12,,,,,,,,,,,,,,,,,,
2013-06,23,,,,,,,,,,,,,,,,,,
2013-07,44,1.4055829228243022,81.8075117370892,16.567251461988302,0,0,1,2,3,73,77,82,86,91,8,13,16,21,25
2013-08,47,,,,,,,,,,,,,,,,,,
2013-09,36,,,,,,,,,,,,,,,,,,
2013-10,194,2.392546583850932,73.88524590163935,22.930131004366814,0,1,2,4,5,69,71,74,77,79,18,20,23,25,28
2013-11,182,,,,,,,,,,,,,,,,,,
2013-12,79,,,,,,,,,,,,,,,,,,
2014-01,158,5.25,69.86666666666666,23.466666666666665,0,3,5,8,11,66,67,70,72,75,19,22,24,25,26
2014-02,95,,,,,,,,,,,,,,,,,,
2014-03,295,,,,,,,,,,,,,,,,,,
2014-04,46,4.033834586466165,77.51366120218579,17.84135667396061,0,1,3,6,11,63,70,78,84,90,6,11,19,24,29
2014-05,11,,,,,,,,,,,,,,,,,,
2014-06,73,,,,,,,,,,,,,,,,,,
2014-07,15,1.5565610859728507,78.76463963963964,19.17435320584927,0,0,1,3,4,70,73,78,85,90,9,13,20,25,28
2014-08,189,,,,,,,,,,,,,,,,,,
2014-09,43,,,,,,,,,,,,,,,,,,
2014-10,24,2.8360655737704916,71.92661555312158,24.01312910284464,0,1,3,4,6,64,69,72,75,77,19,21,24,27,30
2014-11,70,,,,,,,,,,,,,,,,,,
2014-12,227,,,,,,,,,,,,,,,,,,
2015-01,79,,,,,,,,,,,,,,,,,,
2015-02,22,,,,,,,,,,,,,,,,,,
2015-03,79,,,,,,,,,,,,,,,,,,
2015-04,12,2.62007623888183,80.35326688815061,16.238359201773836,0,1,2,4,7,73,76,80,85,88,5,12,16,21,26
2015-05,257,,,,,,,,,,,,,,,,,,
2015-06,39,,,,,,,,,,,,,,,,,,
2015-07,137,2.013333333333333,76.02980132450331,21.66924778761062,0,0,2,3,6,64,72,76,80,86,13,17,22,26,30
2015-08,31,,,,,,,,,,,,,,,,,,
2015-09,109,,,,,,,,,,,,,,,,,,
2015-10,189,6.625514403292181,57.08230452674897,34.55165289256198,1,3,6,11,14,42,47,58,66,71,25,28,36,40,43
2015-11,79,,,,,,,,,,,,,,,,,,
2015-12,52,,,,,,,,,,,,,,,,,,
2016-01,372,5.401111111111111,74.11196487376509,19.32456140350877,1,3,5,7,10,62,70,75,79,82,13,15,18,23,30
2016-02,100,,,,,,,,,,,,,,,,,,
2016-03,95,,,,,,,,,,,,,,,,,,
2016-04,59,2.656657963446475,82.21602787456446,14.374709976798144,0,1,3,4,6,71,76,83,87,94,3,10,14,21,25
2016-05,84,,,,,,,,,,,,,,,,,,
2016-06,59,,,,,,,,,,,,,,,,,,
2016-07,41,2.150297619047619,80.79229871645275,16.579625292740047,0,1,2,4,6,68,74,80,89,95,3,8,18,23,27
2016-08,95,,,,,,,,,,,,,,,,,,
2016-09,76,,,,,,,,,,,,,,,,,,
2016-10,296,3.934959349593496,75.70911086717892,19.290748898678412,0,2,4,6,8,69,73,76,79,81,12,16,19,23,26
2016-11,34,,,,,,,,,,,,,,,,,,
2016-12,120,,,,,,,,,,,,,,,,,,
2017-01,68,3.506343713956171,81.31982475355969,14.026344676180022,0,2,3,5,7,75,78,82,84,87,8,11,14,17,20
2017-02,19,,,,,,,,,,,,,,,,,,
2017-03,384,,,,,,,,,,,,,,,,,,
2017-04,97,2.2463958060288336,85.53618421052632,11.612761276127612,0,1,2,4,5,76,80,84,92,98,1,6,12,17,21
2017-05,115,,,,,,,,,,,,,,,,,,
2017-06,68,,,,,,,,,,,,,,,,,,
2017-07,31,1.6386066763425253,81.75116279069768,15.68997668997669,0,0,2,3,4,70,75,80,89,95,3,8,17,22,27
2017-08,25,,,,,,,,,,,,,,,,,,
2017-09,65,,,,,,,,,,,,,,,,,,
2017-10,63,3.0961995249406176,74.2280701754386,21.62910284463895,0,1,3,5,6,68,71,74,78,82,12,18,22,26,28
2017-11,145,,,,,,,,,,,,,,,,,,
2017-12,328,,,,,,,,,,,,,,,,,,
2018-01,79,4.334444444444444,78.30996714129245,16.124590163934425,1,2,4,6,8,72,75,78,81,84,10,13,16,19,23
2018-02,31,,,,,,,,,,,,,,,,,,
2018-03,121,,,,,,,,,,,,,,,,,,
2018-04,11,3.795620437956204,74.94414019715225,20.421857923497267,0,1,3,6,9,58,66,76,84,88,7,11,20,29,36
2018-05,29,,,,,,,,,,,,,,,,,,
2018-06,1,,,,,,,,,,,,,,,,,,
2018-07,56,2.59601706970128,79.52991452991454,17.431592039800996,0,1,2,4,6,65,70,80,88,95,2,8,18,27,30
2018-08,51,,,,,,,,,,,,,,,,,,
2018-09,52,,,,,,,,,,,,,,,,,,
2018-10,40,2.596996245306633,71.21248630887185,25.5218818380744,0,1,2,4,6,63,67,72,75,78,18,22,25,29,33
2018-11,95,,,,,,,,,,,,,,,,,,
2018-12,78,,,,,,,,,,,,,,,,,,
2019-01,25,4.054644808743169,74.18072289156626,20.296498905908095,1,2,4,6,8,70,72,74,77,79,16,18,20,23,25
2019-02,19,,,,,,,,,,,,,,,,,,
2019-03,155,,,,,,,,,,,,,,,,,,
2019-04,11,1.7942708333333333,83.7417943107221,13.677242888402626,0,0,2,3,4,73,78,84,89,95,4,9,13,19,25
2019-05,12,,,,,,,,,,,,,,,,,,
2019-06,53,,,,,,,,,,,,,,,,,,
2019-07,154,1.8871951219512195,82.94919454770756,14.823453608247423,0,0,2,3,5,70,77,82,88,98,1,11,16,20,26
2019-08,99,,,,,,,,,,,,,,,,,,
2019-09,98,,,,,,,,,,,,,,,,,,
2019-10,72,2.9002463054187193,72.56407447973713,23.462800875273523,0,1,3,5,7,68,70,72,75,77,18,21,24,26,28
2019-11,69,,,,,,,,,,,,,,,,,,
2019-12,211,,,,,,,,,,,,,,,,,,
2020-01,24,4.019362186788155,71.67030567685589,23.288840262582056,0,2,4,6,8,66,69,72,75,77,18,20,23,26,28
2020-02,12,,,,,,,,,,,,,,,,,,
2020-03,142,,,,,,,,,,,,,,,,,,
2020-04,40,1.536764705882353,84.02097130242825,13.82281284606866,0,0,1,3,4,72,77,84,91,96,2,7,14,20,26
2020-05,54,,,,,,,,,,,,,,,,,,
2020-06,94,,,,,,,,,,,,,,,,,,
2020-07,37,1.5830815709969788,80.57847533632287,17.842774566473988,0,0,1,3,4,65,72,82,88,98,2,10,18,25,33
2020-08,26,,,,,,,,,,,,,,,,,,
2020-09,3,,,,,,,,,,,,,,,,,,
2020-10,98,1.8545953360768175,75.37870472008781,22.116812227074234,0,0,2,3,5,64,68,76,81,85,13,17,21,29,33
2020-11,453,,,,,,,,,,,,,,,,,,
2020-12,158,,,,,,,,,,,,,,,,,,
2021-01,57,2.258426966292135,82.75691411935954,13.832116788321168,0,1,2,4,5,75,79,83,86,90,7,10,13,18,22
2021-02,112,,,,,,,,,,,,,,,,,,
2021-03,75,,,,,,,,,,,,,,,,,,
2021-04,174,1.5515695067264574,86.6897689768977,11.131336405529954,0,0,1,3,4,72,77,89,94,97,1,4,9,20,24
2021-05,103,,,,,,,,,,,,,,,,,,
2021-06,34,,,,,,,,,,,,,,,,,,
2021-07,93,1.8310077519379846,83.22605363984674,15.004109589041096,0,0,2,3,4,66,74,84,93,98,2,7,14,23,30
2021-08,65,,,,,,,,,,,,,,,,,,
2021-09,88,,,,,,,,,,,,,,,,,,
2021-10,96,2.298611111111111,78.72039473684211,18.48796498905908,0,0,2,4,7,68,74,79,83,88,10,15,19,22,26
2021-11,126,,,,,,,,,,,,,,,,,,
2021-12,403,,,,,,,,,,,,,,,,,,
2022-01,22,3.7024886877828056,81.12800875273523,14.113910186199343,0,2,4,6,8,73,78,82,84,86,9,11,14,17,20
2022-02,111,,,,,,,,,,,,,,,,,,
2022-03,77,,,,,,,,,,,,,,,,,,
2022-04,,,,,,,,,,,,,,,,,,,
2022-05,,,,,,,,,,,,,,,,,,,
2022-06,,,,,,,,,,,,,,,,,,,
2022-07,,,,,,,,,,,,,,,,,,,
2022-08,,,,,,,,,,,,,,,,,,,
2022-09,,,,,,,,,,,,,,,,,,,
2022-10,,,,,,,,,,,,,,,,,,,
2022-11,,,,,,,,,,,,,,,,,,,
2022-12,,,,,,,,,,,,,,,,,,,
2023-01,,,,,,,,,,,,,,,,,,,
2023-02,,,,,,,,,,,,,,,,,,,
